http://timesofindia.indiatimes.com/2001/1/2/archivelist/year-2001,month-1,starttime-36893.cms
http://timesofindia.indiatimes.com/2001/1/3/archivelist/year-2001,month-1,starttime-36894.cms
http://timesofindia.indiatimes.com/2001/1/4/archivelist/year-2001,month-1,starttime-36895.cms
http://timesofindia.indiatimes.com/2001/1/5/archivelist/year-2001,month-1,starttime-36896.cms
http://timesofindia.indiatimes.com/2001/1/6/archivelist/year-2001,month-1,starttime-36897.cms
http://timesofindia.indiatimes.com/2001/1/7/archivelist/year-2001,month-1,starttime-36898.cms
http://timesofindia.indiatimes.com/2001/1/8/archivelist/year-2001,month-1,starttime-36899.cms
http://timesofindia.indiatimes.com/2001/1/9/archivelist/year-2001,month-1,starttime-36900.cms
http://timesofindia.indiatimes.com/2001/1/10/archivelist/year-2001,month-1,starttime-36901.cms
http://timesofindia.indiatimes.com/2001/1/11/archivelist/year-2001,month-1,starttime-36902.cms
http://timesofindia.indiatimes.com/2001/1/12/archivelist/year-2001,month-1,starttime-36903.cms
http://timesofindia.indiatimes.com/2001/1/13/archivelist/year-2001,month-1,starttime-36904.cms
http://timesofindia.indiatimes.com/2001/1/14/archivelist/year-2001,month-1,starttime-36905.cms
http://timesofindia.indiatimes.com/2001/1/15/archivelist/year-2001,month-1,starttime-36906.cms
http://timesofindia.indiatimes.com/2001/1/16/archivelist/year-2001,month-1,starttime-36907.cms
http://timesofindia.indiatimes.com/2001/1/17/archivelist/year-2001,month-1,starttime-36908.cms
http://timesofindia.indiatimes.com/2001/1/18/archivelist/year-2001,month-1,starttime-36909.cms
http://timesofindia.indiatimes.com/2001/1/19/archivelist/year-2001,month-1,starttime-36910.cms
http://timesofindia.indiatimes.com/2001/1/20/archivelist/year-2001,month-1,starttime-36911.cms
http://timesofindia.indiatimes.com/2001/1/21/archivelist/year-2001,month-1,starttime-36912.cms
http://timesofindia.indiatimes.com/2001/1/22/archivelist/year-2001,month-1,starttime-36913.cms
http://timesofindia.indiatimes.com/2001/1/23/archivelist/year-2001,month-1,starttime-36914.cms
http://timesofindia.indiatimes.com/2001/1/24/archivelist/year-2001,month-1,starttime-36915.cms
http://timesofindia.indiatimes.com/2001/1/25/archivelist/year-2001,month-1,starttime-36916.cms
http://timesofindia.indiatimes.com/2001/1/26/archivelist/year-2001,month-1,starttime-36917.cms
http://timesofindia.indiatimes.com/2001/1/27/archivelist/year-2001,month-1,starttime-36918.cms
http://timesofindia.indiatimes.com/2001/1/28/archivelist/year-2001,month-1,starttime-36919.cms
http://timesofindia.indiatimes.com/2001/1/29/archivelist/year-2001,month-1,starttime-36920.cms
http://timesofindia.indiatimes.com/2001/1/30/archivelist/year-2001,month-1,starttime-36921.cms
http://timesofindia.indiatimes.com/2001/1/31/archivelist/year-2001,month-1,starttime-36922.cms
http://timesofindia.indiatimes.com/2001/2/1/archivelist/year-2001,month-2,starttime-36923.cms
http://timesofindia.indiatimes.com/2001/2/2/archivelist/year-2001,month-2,starttime-36924.cms
http://timesofindia.indiatimes.com/2001/2/3/archivelist/year-2001,month-2,starttime-36925.cms
http://timesofindia.indiatimes.com/2001/2/4/archivelist/year-2001,month-2,starttime-36926.cms
http://timesofindia.indiatimes.com/2001/2/5/archivelist/year-2001,month-2,starttime-36927.cms
http://timesofindia.indiatimes.com/2001/2/6/archivelist/year-2001,month-2,starttime-36928.cms
http://timesofindia.indiatimes.com/2001/2/7/archivelist/year-2001,month-2,starttime-36929.cms
http://timesofindia.indiatimes.com/2001/2/8/archivelist/year-2001,month-2,starttime-36930.cms
http://timesofindia.indiatimes.com/2001/2/9/archivelist/year-2001,month-2,starttime-36931.cms
http://timesofindia.indiatimes.com/2001/2/10/archivelist/year-2001,month-2,starttime-36932.cms
http://timesofindia.indiatimes.com/2001/2/11/archivelist/year-2001,month-2,starttime-36933.cms
http://timesofindia.indiatimes.com/2001/2/12/archivelist/year-2001,month-2,starttime-36934.cms
http://timesofindia.indiatimes.com/2001/2/13/archivelist/year-2001,month-2,starttime-36935.cms
http://timesofindia.indiatimes.com/2001/2/14/archivelist/year-2001,month-2,starttime-36936.cms
http://timesofindia.indiatimes.com/2001/2/15/archivelist/year-2001,month-2,starttime-36937.cms
http://timesofindia.indiatimes.com/2001/2/16/archivelist/year-2001,month-2,starttime-36938.cms
http://timesofindia.indiatimes.com/2001/2/17/archivelist/year-2001,month-2,starttime-36939.cms
http://timesofindia.indiatimes.com/2001/2/18/archivelist/year-2001,month-2,starttime-36940.cms
http://timesofindia.indiatimes.com/2001/2/19/archivelist/year-2001,month-2,starttime-36941.cms
http://timesofindia.indiatimes.com/2001/2/20/archivelist/year-2001,month-2,starttime-36942.cms
http://timesofindia.indiatimes.com/2001/2/21/archivelist/year-2001,month-2,starttime-36943.cms
http://timesofindia.indiatimes.com/2001/2/22/archivelist/year-2001,month-2,starttime-36944.cms
http://timesofindia.indiatimes.com/2001/2/23/archivelist/year-2001,month-2,starttime-36945.cms
http://timesofindia.indiatimes.com/2001/2/24/archivelist/year-2001,month-2,starttime-36946.cms
http://timesofindia.indiatimes.com/2001/2/25/archivelist/year-2001,month-2,starttime-36947.cms
http://timesofindia.indiatimes.com/2001/2/26/archivelist/year-2001,month-2,starttime-36948.cms
http://timesofindia.indiatimes.com/2001/2/27/archivelist/year-2001,month-2,starttime-36949.cms
http://timesofindia.indiatimes.com/2001/2/28/archivelist/year-2001,month-2,starttime-36950.cms
http://timesofindia.indiatimes.com/2001/3/1/archivelist/year-2001,month-3,starttime-36951.cms
http://timesofindia.indiatimes.com/2001/3/2/archivelist/year-2001,month-3,starttime-36952.cms
http://timesofindia.indiatimes.com/2001/3/3/archivelist/year-2001,month-3,starttime-36953.cms
http://timesofindia.indiatimes.com/2001/3/4/archivelist/year-2001,month-3,starttime-36954.cms
http://timesofindia.indiatimes.com/2001/3/5/archivelist/year-2001,month-3,starttime-36955.cms
http://timesofindia.indiatimes.com/2001/3/6/archivelist/year-2001,month-3,starttime-36956.cms
http://timesofindia.indiatimes.com/2001/3/7/archivelist/year-2001,month-3,starttime-36957.cms
http://timesofindia.indiatimes.com/2001/3/8/archivelist/year-2001,month-3,starttime-36958.cms
http://timesofindia.indiatimes.com/2001/3/9/archivelist/year-2001,month-3,starttime-36959.cms
http://timesofindia.indiatimes.com/2001/3/10/archivelist/year-2001,month-3,starttime-36960.cms
http://timesofindia.indiatimes.com/2001/3/11/archivelist/year-2001,month-3,starttime-36961.cms
http://timesofindia.indiatimes.com/2001/3/12/archivelist/year-2001,month-3,starttime-36962.cms
http://timesofindia.indiatimes.com/2001/3/13/archivelist/year-2001,month-3,starttime-36963.cms
http://timesofindia.indiatimes.com/2001/3/14/archivelist/year-2001,month-3,starttime-36964.cms
http://timesofindia.indiatimes.com/2001/3/15/archivelist/year-2001,month-3,starttime-36965.cms
http://timesofindia.indiatimes.com/2001/3/16/archivelist/year-2001,month-3,starttime-36966.cms
http://timesofindia.indiatimes.com/2001/3/17/archivelist/year-2001,month-3,starttime-36967.cms
http://timesofindia.indiatimes.com/2001/3/18/archivelist/year-2001,month-3,starttime-36968.cms
http://timesofindia.indiatimes.com/2001/3/19/archivelist/year-2001,month-3,starttime-36969.cms
http://timesofindia.indiatimes.com/2001/3/20/archivelist/year-2001,month-3,starttime-36970.cms
http://timesofindia.indiatimes.com/2001/3/21/archivelist/year-2001,month-3,starttime-36971.cms
http://timesofindia.indiatimes.com/2001/3/22/archivelist/year-2001,month-3,starttime-36972.cms
http://timesofindia.indiatimes.com/2001/3/23/archivelist/year-2001,month-3,starttime-36973.cms
http://timesofindia.indiatimes.com/2001/3/24/archivelist/year-2001,month-3,starttime-36974.cms
http://timesofindia.indiatimes.com/2001/3/25/archivelist/year-2001,month-3,starttime-36975.cms
http://timesofindia.indiatimes.com/2001/3/26/archivelist/year-2001,month-3,starttime-36976.cms
http://timesofindia.indiatimes.com/2001/3/27/archivelist/year-2001,month-3,starttime-36977.cms
http://timesofindia.indiatimes.com/2001/3/28/archivelist/year-2001,month-3,starttime-36978.cms
http://timesofindia.indiatimes.com/2001/3/29/archivelist/year-2001,month-3,starttime-36979.cms
http://timesofindia.indiatimes.com/2001/3/30/archivelist/year-2001,month-3,starttime-36980.cms
http://timesofindia.indiatimes.com/2001/3/31/archivelist/year-2001,month-3,starttime-36981.cms
http://timesofindia.indiatimes.com/2001/4/1/archivelist/year-2001,month-4,starttime-36982.cms
http://timesofindia.indiatimes.com/2001/4/2/archivelist/year-2001,month-4,starttime-36983.cms
http://timesofindia.indiatimes.com/2001/4/3/archivelist/year-2001,month-4,starttime-36984.cms
http://timesofindia.indiatimes.com/2001/4/4/archivelist/year-2001,month-4,starttime-36985.cms
http://timesofindia.indiatimes.com/2001/4/5/archivelist/year-2001,month-4,starttime-36986.cms
http://timesofindia.indiatimes.com/2001/4/6/archivelist/year-2001,month-4,starttime-36987.cms
http://timesofindia.indiatimes.com/2001/4/7/archivelist/year-2001,month-4,starttime-36988.cms
http://timesofindia.indiatimes.com/2001/4/8/archivelist/year-2001,month-4,starttime-36989.cms
http://timesofindia.indiatimes.com/2001/4/9/archivelist/year-2001,month-4,starttime-36990.cms
http://timesofindia.indiatimes.com/2001/4/10/archivelist/year-2001,month-4,starttime-36991.cms
http://timesofindia.indiatimes.com/2001/4/11/archivelist/year-2001,month-4,starttime-36992.cms
http://timesofindia.indiatimes.com/2001/4/12/archivelist/year-2001,month-4,starttime-36993.cms
http://timesofindia.indiatimes.com/2001/4/13/archivelist/year-2001,month-4,starttime-36994.cms
http://timesofindia.indiatimes.com/2001/4/14/archivelist/year-2001,month-4,starttime-36995.cms
http://timesofindia.indiatimes.com/2001/4/15/archivelist/year-2001,month-4,starttime-36996.cms
http://timesofindia.indiatimes.com/2001/4/16/archivelist/year-2001,month-4,starttime-36997.cms
http://timesofindia.indiatimes.com/2001/4/17/archivelist/year-2001,month-4,starttime-36998.cms
http://timesofindia.indiatimes.com/2001/4/18/archivelist/year-2001,month-4,starttime-36999.cms
http://timesofindia.indiatimes.com/2001/4/19/archivelist/year-2001,month-4,starttime-37000.cms
http://timesofindia.indiatimes.com/2001/4/20/archivelist/year-2001,month-4,starttime-37001.cms
http://timesofindia.indiatimes.com/2001/4/21/archivelist/year-2001,month-4,starttime-37002.cms
http://timesofindia.indiatimes.com/2001/4/22/archivelist/year-2001,month-4,starttime-37003.cms
http://timesofindia.indiatimes.com/2001/4/23/archivelist/year-2001,month-4,starttime-37004.cms
http://timesofindia.indiatimes.com/2001/4/24/archivelist/year-2001,month-4,starttime-37005.cms
http://timesofindia.indiatimes.com/2001/4/25/archivelist/year-2001,month-4,starttime-37006.cms
http://timesofindia.indiatimes.com/2001/4/26/archivelist/year-2001,month-4,starttime-37007.cms
http://timesofindia.indiatimes.com/2001/4/27/archivelist/year-2001,month-4,starttime-37008.cms
http://timesofindia.indiatimes.com/2001/4/28/archivelist/year-2001,month-4,starttime-37009.cms
http://timesofindia.indiatimes.com/2001/4/29/archivelist/year-2001,month-4,starttime-37010.cms
http://timesofindia.indiatimes.com/2001/4/30/archivelist/year-2001,month-4,starttime-37011.cms
http://timesofindia.indiatimes.com/2001/5/1/archivelist/year-2001,month-5,starttime-37012.cms
http://timesofindia.indiatimes.com/2001/5/2/archivelist/year-2001,month-5,starttime-37013.cms
http://timesofindia.indiatimes.com/2001/5/3/archivelist/year-2001,month-5,starttime-37014.cms
http://timesofindia.indiatimes.com/2001/5/4/archivelist/year-2001,month-5,starttime-37015.cms
http://timesofindia.indiatimes.com/2001/5/5/archivelist/year-2001,month-5,starttime-37016.cms
http://timesofindia.indiatimes.com/2001/5/6/archivelist/year-2001,month-5,starttime-37017.cms
http://timesofindia.indiatimes.com/2001/5/7/archivelist/year-2001,month-5,starttime-37018.cms
http://timesofindia.indiatimes.com/2001/5/8/archivelist/year-2001,month-5,starttime-37019.cms
http://timesofindia.indiatimes.com/2001/5/9/archivelist/year-2001,month-5,starttime-37020.cms
http://timesofindia.indiatimes.com/2001/5/10/archivelist/year-2001,month-5,starttime-37021.cms
http://timesofindia.indiatimes.com/2001/5/11/archivelist/year-2001,month-5,starttime-37022.cms
http://timesofindia.indiatimes.com/2001/5/12/archivelist/year-2001,month-5,starttime-37023.cms
http://timesofindia.indiatimes.com/2001/5/13/archivelist/year-2001,month-5,starttime-37024.cms
http://timesofindia.indiatimes.com/2001/5/14/archivelist/year-2001,month-5,starttime-37025.cms
http://timesofindia.indiatimes.com/2001/5/15/archivelist/year-2001,month-5,starttime-37026.cms
http://timesofindia.indiatimes.com/2001/5/16/archivelist/year-2001,month-5,starttime-37027.cms
http://timesofindia.indiatimes.com/2001/5/17/archivelist/year-2001,month-5,starttime-37028.cms
http://timesofindia.indiatimes.com/2001/5/18/archivelist/year-2001,month-5,starttime-37029.cms
http://timesofindia.indiatimes.com/2001/5/19/archivelist/year-2001,month-5,starttime-37030.cms
http://timesofindia.indiatimes.com/2001/5/20/archivelist/year-2001,month-5,starttime-37031.cms
http://timesofindia.indiatimes.com/2001/5/21/archivelist/year-2001,month-5,starttime-37032.cms
http://timesofindia.indiatimes.com/2001/5/23/archivelist/year-2001,month-5,starttime-37034.cms
http://timesofindia.indiatimes.com/2001/5/24/archivelist/year-2001,month-5,starttime-37035.cms
http://timesofindia.indiatimes.com/2001/5/25/archivelist/year-2001,month-5,starttime-37036.cms
http://timesofindia.indiatimes.com/2001/5/26/archivelist/year-2001,month-5,starttime-37037.cms
http://timesofindia.indiatimes.com/2001/5/27/archivelist/year-2001,month-5,starttime-37038.cms
http://timesofindia.indiatimes.com/2001/5/31/archivelist/year-2001,month-5,starttime-37042.cms
http://timesofindia.indiatimes.com/2001/6/1/archivelist/year-2001,month-6,starttime-37043.cms
http://timesofindia.indiatimes.com/2001/6/2/archivelist/year-2001,month-6,starttime-37044.cms
http://timesofindia.indiatimes.com/2001/6/3/archivelist/year-2001,month-6,starttime-37045.cms
http://timesofindia.indiatimes.com/2001/6/4/archivelist/year-2001,month-6,starttime-37046.cms
http://timesofindia.indiatimes.com/2001/6/5/archivelist/year-2001,month-6,starttime-37047.cms
http://timesofindia.indiatimes.com/2001/6/6/archivelist/year-2001,month-6,starttime-37048.cms
http://timesofindia.indiatimes.com/2001/6/7/archivelist/year-2001,month-6,starttime-37049.cms
http://timesofindia.indiatimes.com/2001/6/8/archivelist/year-2001,month-6,starttime-37050.cms
http://timesofindia.indiatimes.com/2001/6/9/archivelist/year-2001,month-6,starttime-37051.cms
http://timesofindia.indiatimes.com/2001/6/10/archivelist/year-2001,month-6,starttime-37052.cms
http://timesofindia.indiatimes.com/2001/6/11/archivelist/year-2001,month-6,starttime-37053.cms
http://timesofindia.indiatimes.com/2001/6/12/archivelist/year-2001,month-6,starttime-37054.cms
http://timesofindia.indiatimes.com/2001/6/13/archivelist/year-2001,month-6,starttime-37055.cms
http://timesofindia.indiatimes.com/2001/6/14/archivelist/year-2001,month-6,starttime-37056.cms
http://timesofindia.indiatimes.com/2001/6/15/archivelist/year-2001,month-6,starttime-37057.cms
http://timesofindia.indiatimes.com/2001/6/16/archivelist/year-2001,month-6,starttime-37058.cms
http://timesofindia.indiatimes.com/2001/6/17/archivelist/year-2001,month-6,starttime-37059.cms
http://timesofindia.indiatimes.com/2001/6/18/archivelist/year-2001,month-6,starttime-37060.cms
http://timesofindia.indiatimes.com/2001/6/19/archivelist/year-2001,month-6,starttime-37061.cms
http://timesofindia.indiatimes.com/2001/6/21/archivelist/year-2001,month-6,starttime-37063.cms
http://timesofindia.indiatimes.com/2001/6/25/archivelist/year-2001,month-6,starttime-37067.cms
http://timesofindia.indiatimes.com/2001/6/26/archivelist/year-2001,month-6,starttime-37068.cms
http://timesofindia.indiatimes.com/2001/6/30/archivelist/year-2001,month-6,starttime-37072.cms
http://timesofindia.indiatimes.com/2001/7/1/archivelist/year-2001,month-7,starttime-37073.cms
http://timesofindia.indiatimes.com/2001/7/2/archivelist/year-2001,month-7,starttime-37074.cms
http://timesofindia.indiatimes.com/2001/7/3/archivelist/year-2001,month-7,starttime-37075.cms
http://timesofindia.indiatimes.com/2001/7/4/archivelist/year-2001,month-7,starttime-37076.cms
http://timesofindia.indiatimes.com/2001/7/5/archivelist/year-2001,month-7,starttime-37077.cms
http://timesofindia.indiatimes.com/2001/7/6/archivelist/year-2001,month-7,starttime-37078.cms
http://timesofindia.indiatimes.com/2001/7/7/archivelist/year-2001,month-7,starttime-37079.cms
http://timesofindia.indiatimes.com/2001/7/8/archivelist/year-2001,month-7,starttime-37080.cms
http://timesofindia.indiatimes.com/2001/7/12/archivelist/year-2001,month-7,starttime-37084.cms
http://timesofindia.indiatimes.com/2001/7/15/archivelist/year-2001,month-7,starttime-37087.cms
http://timesofindia.indiatimes.com/2001/7/20/archivelist/year-2001,month-7,starttime-37092.cms
http://timesofindia.indiatimes.com/2001/7/20/archivelist/year-2001,month-7,starttime-37092.cms
http://timesofindia.indiatimes.com/2001/7/20/archivelist/year-2001,month-7,starttime-37092.cms
http://timesofindia.indiatimes.com/2001/7/21/archivelist/year-2001,month-7,starttime-37093.cms
http://timesofindia.indiatimes.com/2001/7/23/archivelist/year-2001,month-7,starttime-37095.cms
http://timesofindia.indiatimes.com/2001/7/23/archivelist/year-2001,month-7,starttime-37095.cms
http://timesofindia.indiatimes.com/2001/7/23/archivelist/year-2001,month-7,starttime-37095.cms
http://timesofindia.indiatimes.com/2001/7/23/archivelist/year-2001,month-7,starttime-37095.cms
http://timesofindia.indiatimes.com/2001/7/23/archivelist/year-2001,month-7,starttime-37095.cms
http://timesofindia.indiatimes.com/2001/7/28/archivelist/year-2001,month-7,starttime-37100.cms
http://timesofindia.indiatimes.com/2001/7/28/archivelist/year-2001,month-7,starttime-37100.cms
http://timesofindia.indiatimes.com/2001/7/28/archivelist/year-2001,month-7,starttime-37100.cms
http://timesofindia.indiatimes.com/2001/7/29/archivelist/year-2001,month-7,starttime-37101.cms
http://timesofindia.indiatimes.com/2001/7/29/archivelist/year-2001,month-7,starttime-37101.cms
http://timesofindia.indiatimes.com/2001/7/30/archivelist/year-2001,month-7,starttime-37102.cms
http://timesofindia.indiatimes.com/2001/7/30/archivelist/year-2001,month-7,starttime-37102.cms
http://timesofindia.indiatimes.com/2001/7/30/archivelist/year-2001,month-7,starttime-37102.cms
http://timesofindia.indiatimes.com/2001/8/4/archivelist/year-2001,month-8,starttime-37107.cms
http://timesofindia.indiatimes.com/2001/8/4/archivelist/year-2001,month-8,starttime-37107.cms
http://timesofindia.indiatimes.com/2001/8/4/archivelist/year-2001,month-8,starttime-37107.cms
http://timesofindia.indiatimes.com/2001/8/4/archivelist/year-2001,month-8,starttime-37107.cms
http://timesofindia.indiatimes.com/2001/8/4/archivelist/year-2001,month-8,starttime-37107.cms
http://timesofindia.indiatimes.com/2004/11/13/archivelist/year-2004,month-11,starttime-38304.cms
http://timesofindia.indiatimes.com/2007/7/21/archivelist/year-2007,month-7,starttime-39284.cms
http://timesofindia.indiatimes.com/2007/8/3/archivelist/year-2007,month-8,starttime-39297.cms
http://timesofindia.indiatimes.com/2007/9/17/archivelist/year-2007,month-9,starttime-39342.cms
http://timesofindia.indiatimes.com/2008/11/27/archivelist/year-2008,month-11,starttime-39779.cms
http://timesofindia.indiatimes.com/2009/2/20/archivelist/year-2009,month-2,starttime-39864.cms
http://timesofindia.indiatimes.com/2009/6/25/archivelist/year-2009,month-6,starttime-39989.cms
http://timesofindia.indiatimes.com/2009/7/3/archivelist/year-2009,month-7,starttime-39997.cms
http://timesofindia.indiatimes.com/2009/8/28/archivelist/year-2009,month-8,starttime-40053.cms
http://timesofindia.indiatimes.com/2009/11/6/archivelist/year-2009,month-11,starttime-40123.cms
http://timesofindia.indiatimes.com/2009/12/27/archivelist/year-2009,month-12,starttime-40174.cms
http://timesofindia.indiatimes.com/2010/1/1/archivelist/year-2010,month-1,starttime-40179.cms
http://timesofindia.indiatimes.com/2010/2/24/archivelist/year-2010,month-2,starttime-40233.cms
http://timesofindia.indiatimes.com/2010/3/9/archivelist/year-2010,month-3,starttime-40246.cms
http://timesofindia.indiatimes.com/2010/7/11/archivelist/year-2010,month-7,starttime-40370.cms
http://timesofindia.indiatimes.com/2010/9/21/archivelist/year-2010,month-9,starttime-40442.cms
http://timesofindia.indiatimes.com/2010/9/23/archivelist/year-2010,month-9,starttime-40444.cms
http://timesofindia.indiatimes.com/2010/10/30/archivelist/year-2010,month-10,starttime-40481.cms
http://timesofindia.indiatimes.com/2010/12/4/archivelist/year-2010,month-12,starttime-40516.cms
http://timesofindia.indiatimes.com/2010/12/5/archivelist/year-2010,month-12,starttime-40517.cms
http://timesofindia.indiatimes.com/2011/1/10/archivelist/year-2011,month-1,starttime-40553.cms
http://timesofindia.indiatimes.com/2011/1/15/archivelist/year-2011,month-1,starttime-40558.cms
http://timesofindia.indiatimes.com/2011/1/18/archivelist/year-2011,month-1,starttime-40561.cms
http://timesofindia.indiatimes.com/2011/2/3/archivelist/year-2011,month-2,starttime-40577.cms
http://timesofindia.indiatimes.com/2011/2/6/archivelist/year-2011,month-2,starttime-40580.cms
http://timesofindia.indiatimes.com/2011/2/17/archivelist/year-2011,month-2,starttime-40591.cms
http://timesofindia.indiatimes.com/2011/4/28/archivelist/year-2011,month-4,starttime-40661.cms
http://timesofindia.indiatimes.com/2011/4/30/archivelist/year-2011,month-4,starttime-40663.cms
http://timesofindia.indiatimes.com/2011/5/1/archivelist/year-2011,month-5,starttime-40664.cms
http://timesofindia.indiatimes.com/2011/5/20/archivelist/year-2011,month-5,starttime-40683.cms
http://timesofindia.indiatimes.com/2011/6/16/archivelist/year-2011,month-6,starttime-40710.cms
http://timesofindia.indiatimes.com/2011/7/21/archivelist/year-2011,month-7,starttime-40745.cms
http://timesofindia.indiatimes.com/2011/8/6/archivelist/year-2011,month-8,starttime-40761.cms
http://timesofindia.indiatimes.com/2011/8/17/archivelist/year-2011,month-8,starttime-40772.cms
http://timesofindia.indiatimes.com/2011/9/6/archivelist/year-2011,month-9,starttime-40792.cms
http://timesofindia.indiatimes.com/2011/9/25/archivelist/year-2011,month-9,starttime-40811.cms
http://timesofindia.indiatimes.com/2011/10/17/archivelist/year-2011,month-10,starttime-40833.cms
http://timesofindia.indiatimes.com/2011/11/26/archivelist/year-2011,month-11,starttime-40873.cms
http://timesofindia.indiatimes.com/2011/12/3/archivelist/year-2011,month-12,starttime-40880.cms
http://timesofindia.indiatimes.com/2011/12/6/archivelist/year-2011,month-12,starttime-40883.cms
http://timesofindia.indiatimes.com/2012/1/4/archivelist/year-2012,month-1,starttime-40912.cms
http://timesofindia.indiatimes.com/2012/1/8/archivelist/year-2012,month-1,starttime-40916.cms
http://timesofindia.indiatimes.com/2012/1/15/archivelist/year-2012,month-1,starttime-40923.cms
http://timesofindia.indiatimes.com/2012/3/15/archivelist/year-2012,month-3,starttime-40983.cms
http://timesofindia.indiatimes.com/2015/5/30/archivelist/year-2015,month-5,starttime-42154.cms
http://timesofindia.indiatimes.com/2015/10/31/archivelist/year-2015,month-10,starttime-42308.cms
